Rock,Metal,Punk / Hardcore / Emo,Pop,Electronic / Dance,Hip-Hop / Rap,R&B / Soul / Funk,Jazz,Blues,Country / Americana / Bluegrass,Folk / Singer-Songwriter,World / Global,Latin,Reggae / Ska / Dub,Classical / Orchestral / Opera,Ambient / New Age,Experimental / Avant-garde / Noise,Gospel / Christian / Spiritual,Other
acid rock,alt metal,acoustic punk,acoustic pop,acid breaks,abstract hip hop,adult contemporary r&b,acid jazz,acoustic blues,alt country,acid folk,afoxê,bachata,dancehall,ancient greek music,ambient,acousmatic,bhajan,a cappella
acoustic rock,alternative metal,afro punk,adult contemporary,acid house,acid rap,afro soul,african jazz,african blues,alt-country,acoustic folk,african folk,banda sinaloense,dancehall reggae,andalusian classical music,ambient alternative,ambient noise wall,bluegrass gospel,ballad
adult alternative,ambient black metal,alternative emo,adult standards,acid techno,afrikaans rap,afro-funk,afro jazz,blues,alternative country,alt folk,afro pop,bolero,dub,arabic classical music,ambient americana,avant-garde,cantorial,ballroom
adult alternative pop/rock,ambient metal,alternative hardcore,alt-pop,acid trance,afro trap,alternative r&b,afro-cuban jazz,blues revival,americana,alt-folk,afro-beat,bossa nova,dub poetry,art song,ambient bass,blackened noise,christian metal,barbershop
adult alternative rock,atmospheric black metal,alternative punk,alternative pop,acidcore,afroswing,alternative rhythm & blues,afro-jazz,blues rock,bluegrass,alternative folk,afro-cuban,chicha,early reggae,ballet,ambient drone,death industrial,christian rock,bardcore
afro rock,atmospheric death metal,anarcho-punk,ambient pop,afro house,alt hip hop,alté,ambient jazz,blues-rock,bro-country,alternative folk rock,afro-fusion,choro,heavy dub,baroque,ambient dub,drone,christian ska,beat poetry
afro-rock,atmospheric doom metal,art punk,art pop,afro tech,alternative hip hop,blaxploitation,arabic jazz,boogie woogie,classic country,alternative singer-songwriter,afro-pop,corrido,mento,broadway,ambient electronic,electro-acoustic,country gospel,brass band
aislegaze,atmospheric folk metal,artcore,austropop,afro-house,alternative rap,blue-eyed soul,avant-garde jazz,british blues,contemporary country,anti-folk,afro-zouk,cumbia,progressive ska,byzantine chant,ambient electronica,electroacoustic,gospel,cabaret
alt rock,atmospheric post-black metal,beatdown hardcore,avant-garde pop,afrofuturism,bhangra rap,boogaloo,bebop,british rhythm & blues,country,appalachian folk,afrobeat,cumbia amazónica,ragga,carnatic classical,ambient experimental,experimental,gospel blues,christmas
alt-rock,atmospheric sludge metal,blackened crust punk,avant-pop,aggrotech,boom bap,boogie,big band,chicago blues,country boogie,avant-folk,afrobeats,cumbia colombiana,reggae,chamber music,ambient vaporwave,field recording,gospel house,dark cabaret
alternadelic,avant-garde black metal,blackened hardcore,baroque pop,algorave,boom bap rap,boogie-funk,big band and swing,contemporary blues,country hip hop,avtorskaya pesnya,afropop,cumbia mexicana,reggae dancehall,chant,andean new age,fourth world,gospel rap,doomwave
alternative,avant-garde death metal,blackened punk,bedroom pop,alt dance,bounce,brit funk,bop,country blues,country pop,british folk,apala,cumbia peruana,reggae pop,choral,black ambient,free improvisation,gospel reggae,dreamcore
alternative hard rock,avant-garde metal,blackened screamo,bubblegum,alternative dance,britcore,brown-eyed soul,cape jazz,delta blues,country rap,british folk rock,arabic folk music,cumbia rebajada,reggae rock,classical,celtic new age,harsh noise,naat,dreampunk
alternative indie,black metal,bubblegum punk,bubblegum pop,alternative electronic,british hip hop,chicago soul,celtic jazz,desert blues,country rock,chamber folk,arabic pop,cumbia villera,riddim,classical crossover,chillout,harsh noise wall,nasheed,filk
alternative indie rock,blackened death metal,celtic punk,c-pop,amapiano,chap hop,classic soul,chamber jazz,folk blues,country soul,chanson,axé,dembow,rock steady,classical guitar,comfy synth,hauntology,qawwali,lullaby
alternative pop rock,blackened deathcore,chaotic hardcore,cantopop,ambient breaks,chicago drill,contemporary r&b,chanson jazz,heavy blues rock,country swing,chanson française,baião,digital cumbia,rocksteady,contemporary classical,dark ambient,industrial drone,sacred harp,marching band
alternative rock,blackened doom metal,chicago hardcore,chamber pop,ambient drum and bass,chicano rap,dark r&b,classic jazz,jug band,country western,chanson québécoise,balinese gamelan,electrotango,ska,early music,dungeon synth,industrial noise,southern gospel,yodel
anatolian rock,blackened folk metal,crust,city pop,ambient house,comedy hip hop,deep funk,contemporary jazz,jump blues,countrypolitan,contemporary folk,balkan brass band,guajira,ska punk,gregorian chant,meditation,lowercase,urban contemporary gospel,
arena rock,blackened grindcore,crust punk,classic pop,ambient techno,comedy rap,deep soul,cool jazz,louisiana blues,dark country,contra dance,balkan folk music,guaracha,ska revival,hindustani classical,medieval ambient,martial industrial,,
art rock,blackened heavy metal,d-beat,contemporary pop,ambient trance,conscious hip hop,doo wop,dark jazz,piano blues,gothic country,country folk,balkan pop-folk,guarania,skacore,madrigal,neoclassical new age,musique concrète,,
atmospheric rock,blackened post-metal,disco-punk,dark pop,ambient trip hop,conscious rap,early r&b,dixieland,piedmont blues,hillbilly,dark folk,basque folk,lambada,third wave ska,medieval,new age,no wave,,
avant-prog,blackened sludge metal,dream punk,denpa,atmospheric drum and bass,crunk,electro-funk,dixieland jazz,texas blues,honky tonk,dungeon folk,batucada,latin,,medieval music,organic ambient,noise,,
baggy,blackened thrash metal,easycore,disco pop,atmospheric jungle,crunkcore,free funk,doom jazz,,neo-traditional country,electro folk,batuque,latin alternative,,minimalism,ritual ambient,noisecore,,
baggy / madchester,blackgaze,egg punk,easy listening,baile funk,cyberpunk hip hop,funk,early jazz,,new country,emo-folk,benga,latin dance,,neo-classical,space ambient,noisegrind,,
beach music,british metal,electropunk,electro pop,bailefunk,dark rap,indie r&b,ethio-jazz,,newgrass,experimental folk,bhangra,latin electronic,,neoclassical,tribal ambient,plunderphonics,,
beat music,brutal death metal,emo,electro-pop,balearic,dark trap,motown,ethno jazz,,old time,fingerstyle guitar,bomba,latin freestyle,,new complexity,,post-industrial,,
boogie rock,brutal deathcore,emo pop,electronic pop,balearic beat,dirty south,neo soul,experimental jazz,,old-time,folk,brega funk,latin funk,,opera,,power electronics,,
british invasion,brutal deathgrind,emocore,electropop,balearic trance,dirty south rap,neo-soul,flamenco jazz,,outlaw country,folk fusion,bulgarian folk,latin pop,,operetta,,power noise,,
british trad rock,brutal technical death metal,emoviolence,euro pop,ballroom house,disco rap,new jack swing,folk jazz,,progressive bluegrass,folk horror,cajun,latin rock,,orchestral,,zeuhl,,
britpop,celtic folk metal,experimental punk,europop,baltimore club,drift phonk,northern soul,free jazz,,progressive country,folk rock,cajun / zydeco,latin soul,,polyphonic chant,,,,
c86,celtic metal,fastcore,experimental pop,bass house,drill,p-funk,fusion,,texas country,folk-hop,cajun folk,latin urban,,post-classical,,,,
celtic rock,classic heavy metal,folk punk,flamenco pop,bassline,east coast hip hop,pop soul,future jazz,,traditional country,folk-rock,calypso,mambo,,post-minimalism,,,,
chamber psych,cyber metal,folk-punk,folk pop,bastard pop,east coast rap,progressive r&b,gothic jazz,,western swing,freak folk,capoeira,mariachi,,renaissance music,,,,
classic hard rock,cybergrind,glam punk,folk-pop,berlin school,electro hop,psychedelic funk,gypsy jazz,,,free folk,celtic,merengue,,waltz,,,,
classic rock,dark metal,gypsy punk,french pop,big beat,electro rap,psychedelic soul,hard bop,,,indie folk,champeta,narcocorrido,,zarzuela,,,,
cold wave,death doom metal,hardcore,future pop,big room,emo rap,quiet storm,jazz,,,irish folk,chimurenga,norteño,,,,,,
coldwave,death metal,hardcore dance,hokkien pop,big room house,experimental hip hop,r&b,jazz blues,,,irish folk rock,dabke,nuevo tango,,,,,,
college rock,deathcore,hardcore punk,hyperpop,big room trance,freestyle,rhythm & blues,jazz bossa nova,,,neo-medieval folk,dangdut,reggaeton,,,,,,
comedy rock,deathgrind,horror punk,indie pop,bitcore,french rap,rhythm and blues,jazz funk,,,neofolk,danish folk,reggaetón,,,,,,
dark rock,depressive black metal,indie emo,italo pop,bitpop,g-funk,smooth soul,jazz fusion,,,nouvelle chanson française,enka,regional mexican,,,,,,
dark wave,depressive suicidal black metal,indie punk,j-pop,bitpunk,gangsta rap,soul,jazz guitar,,,nova canção,ethno-fusion,rumba,,,,,,
darkwave,dissonant black metal,irish folk punk,japanese pop,bleep techno,grime,southern soul,jazz hop,,,nueva canción,exotica,rumba catalana,,,,,,
death rock,dissonant death metal,melodic hardcore,jazz pop,braindance,hard rap,synth funk,jazz poetry,,,nueva trova,fado,rumba cubana,,,,,,
deathrock,djent,melodic punk,k-pop,breakbeat,hardcore hip hop,trap soul,jazz rap,,,pagan folk,flamenco,salsa,,,,,,
desert rock,djentcore,midwest emo,kayōkyoku,breakbeat hardcore,hardcore rap,urban contemporary,jazz standards,,,progressive folk,flamenco nuevo,salsa dura,,,,,,
dream pop,doom,neocrust,lounge,breakcore,hip hop,,jazz vocal,,,psych folk,forró,samba,,,,,,
drone rock,doom metal,nu punk,mandopop,breaks,hip house,,jazz-funk,,,psychedelic folk,forró eletrônico,samba-jazz,,,,,,
early rock and roll,doomgaze,oi!,new wave pop,breakstep,hip-hop,,jazz-hop,,,russian chanson,frevo,samba-rock,,,,,,
electronic rock,drone metal,old school punk,operatic pop,broken beat,hiplife,,jazz-pop,,,sea shanty,gagaku,son cubano,,,,,,
ethereal wave,electronic metal,pop punk,orchestral pop,brostep,horrorcore,,latin jazz,,,singer-songwriter,gamelan,son jarocho,,,,,,
experimental rock,epic black metal,post-hardcore,pop,bubblegum bass,hyphy,,modal jazz,,,traditional folk,ghazal,tango,,,,,,
flamenco rock,epic doom metal,post-screamo,psychedelic pop,bubblegum dance,industrial hip-hop,,new jazz,,,trova,griot,tejano,,,,,,
freakbeat,epic power metal,powerviolence,russian pop,celtic electronica,japanese hip hop,,nu jazz,,,,highlife,timba,,,,,,
french rock,experimental black metal,progressive punk,schlager,chicago house,jersey club rap,,nu-jazz,,,,hindi film music,zamba,,,,,,
funk rock,experimental metal,proto-punk,sophisti-pop,chillhop,jersey drill,,orchestral jazz,,,,huayno,,,,,,,
garage rock,folk metal,psychedelic punk,space age pop,chillstep,latin rap,,piano jazz,,,,isicathamiya,,,,,,,
garage rock revival,funk metal,punk,synth pop,chillsynth,latin trap,,post-bop,,,,iskelmä,,,,,,,
glam,glam metal,punk blues,synth-pop,chillwave,lo-fi hip hop,,psychedelic jazz,,,,javanese gamelan,,,,,,,
glam rock,goregrind,punk poetry,synthpop,chiptune,memphis rap,,punk jazz,,,,jit,,,,,,,
goth rock,gothic black metal,punk pop,techno pop,complextro,midwest rap,,ragtime,,,,joik,,,,,,,
gothic rock,gothic doom metal,punk revival,traditional pop,cutewave,neo-grime,,smooth jazz,,,,joropo,,,,,,,
gothwave,gothic metal,punk rock,yé-yé,dancefloor drum and bass,old school hip hop,,soul jazz,,,,kabyle music,,,,,,,
grunge,grindcore,raw punk,,dark disco,phonk,,soul-jazz,,,,kizomba,,,,,,,
grunge pop,groove metal,riot grrrl,,dark electro,plugg,,spiritual jazz,,,,klezmer,,,,,,,
hard rock,heavy metal,screamo,,dark psytrance,pluggnb,,swing,,,,kwela,,,,,,,
heavy psych,industrial metal,skate punk,,darkcore,pop rap,,swing revival,,,,luk thung,,,,,,,
heavy rock,mathcore,straight edge,,darkstep,post-trap,,third stream,,,,mahraganat,,,,,,,
hypnagogic pop,medieval folk metal,street punk,,darksynth,progressive rap,,traditional jazz,,,,makossa,,,,,,,
indie,medieval metal,thrashcore,,deathstep,punk rap,,vocal jazz,,,,maloya,,,,,,,
indie rock,melodic black metal,uk82,,deconstructed club,ragga hip-hop,,west african jazz,,,,manele,,,,,,,
industrial rock,melodic death metal,,,deep drum and bass,rap,,,,,,mbalax,,,,,,,
j-rock,melodic deathcore,,,deep dubstep,rapcore,,,,,,mbaqanga,,,,,,,
jangle pop,melodic doom metal,,,deep house,snap,,,,,,molam,,,,,,,
japanese rock,melodic heavy metal,,,deep jungle,southern hip hop,,,,,,mpb,,,,,,,
jazz rock,melodic metalcore,,,deep tech,southern rap,,,,,,mugham,,,,,,,
jazz-rock,melodic power metal,,,deep techno,trap,,,,,,musette,,,,,,,
k-indie,neoclassical metal,,,demoscene,trap rap,,,,,,new flamenco,,,,,,,
krautrock,neoclassical power metal,,,detroit techno,uk drill,,,,,,nordic folk,,,,,,,
madchester,neue deutsche härte,,,digicore,uk hip hop,,,,,,nuevo flamenco,,,,,,,
mainstream rock,nordic metal,,,digital hardcore,uk rap,,,,,,pagode,,,,,,,
mangue beat,norwegian black metal,,,dirty dutch,west coast hip hop,,,,,,polka,,,,,,,
math pop,nsbm,,,disco,,,,,,,raga,,,,,,,
math rock,nu metal,,,disco boogie,,,,,,,rai,,,,,,,
mathrock,nu-metal,,,disco fox,,,,,,,rebetiko,,,,,,,
medieval rock,nwobhm,,,disco house,,,,,,,saami,,,,,,,
melodic rock,nwofhm,,,disco polo,,,,,,,salegy,,,,,,,
merseybeat,old school death metal,,,discofox,,,,,,,sertanejo,,,,,,,
motorik,old school thrash metal,,,doomcore,,,,,,,sertanejo universitário,,,,,,,
neo rockabilly,oriental metal,,,downtempo,,,,,,,sevdalinka,,,,,,,
neo-prog,orthodox black metal,,,drill & bass,,,,,,,soca,,,,,,,
neo-psychedelia,pagan black metal,,,drum & bass,,,,,,,soukous,,,,,,,
neo-rockabilly,pagan metal,,,drum and bass,,,,,,,taarab,,,,,,,
neoclassical darkwave,post-metal,,,drumfunk,,,,,,,taiko,,,,,,,
neue deutsche welle,power metal,,,drumstep,,,,,,,tishoumaren,,,,,,,
new romantic,progressive death metal,,,dub techno,,,,,,,traditional fado,,,,,,,
new wave,progressive deathcore,,,dubstep,,,,,,,trot,,,,,,,
noise pop,progressive doom metal,,,ebm,,,,,,,turkish folk music,,,,,,,
noise rock,progressive folk metal,,,eccojams,,,,,,,tuvan throat singing,,,,,,,
nu gaze,progressive metal,,,electro,,,,,,,world beat,,,,,,,
paisley underground,progressive metalcore,,,electro breaks,,,,,,,world fusion,,,,,,,
piano rock,progressive power metal,,,electro house,,,,,,,world music,,,,,,,
pop rock,punk metal,,,electro swing,,,,,,,zouk,,,,,,,
post-grunge,rap metal,,,electro-disco,,,,,,,zydeco,,,,,,,
post-punk,raw black metal,,,electro-industrial,,,,,,,,,,,,,,
post-punk revival,reggae metal,,,electro-swing,,,,,,,,,,,,,,
post-rock,slam death metal,,,electroclash,,,,,,,,,,,,,,
power ballad,sludge,,,electronic,,,,,,,,,,,,,,
power pop,sludge metal,,,electronic dance music,,,,,,,,,,,,,,
progressive rock,southern metal,,,electronic hardcore,,,,,,,,,,,,,,
progressive stoner rock,stoner,,,electronica,,,,,,,,,,,,,,
psych rock,stoner doom,,,electronicore,,,,,,,,,,,,,,
psychedelic,stoner metal,,,ethnic downtempo,,,,,,,,,,,,,,
psychedelic rock,symphonic black metal,,,ethnic techno,,,,,,,,,,,,,,
psychobilly,symphonic death metal,,,ethnotronica,,,,,,,,,,,,,,
pub rock,symphonic gothic metal,,,euro dance,,,,,,,,,,,,,,
raga rock,symphonic metal,,,euro disco,,,,,,,,,,,,,,
rap rock,symphonic power metal,,,euro house,,,,,,,,,,,,,,
rock,technical death metal,,,euro-disco,,,,,,,,,,,,,,
rock & roll,technical deathcore,,,euro-house,,,,,,,,,,,,,,
rock and roll,technical thrash metal,,,euro-techno,,,,,,,,,,,,,,
rock opera,thrash metal,,,euro-trance,,,,,,,,,,,,,,
rockabilly,traditional doom metal,,,eurobeat,,,,,,,,,,,,,,
russian rock,traditional metal,,,eurodance,,,,,,,,,,,,,,
shoegaze,trap metal,,,experimental electronic,,,,,,,,,,,,,,
skiffle,viking metal,,,experimental techno,,,,,,,,,,,,,,
sleaze rock,war metal,,,extratone,,,,,,,,,,,,,,
slowcore,,,,folktronica,,,,,,,,,,,,,,
soft rock,,,,footwork,,,,,,,,,,,,,,
southern rock,,,,footwork jungle,,,,,,,,,,,,,,
space rock,,,,freeform hardcore,,,,,,,,,,,,,,
stoner rock,,,,french house,,,,,,,,,,,,,,
symphonic prog,,,,frenchcore,,,,,,,,,,,,,,
symphonic rock,,,,funky house,,,,,,,,,,,,,,
twee pop,,,,future bass,,,,,,,,,,,,,,
viking rock,,,,future bounce,,,,,,,,,,,,,,
visual kei,,,,future funk,,,,,,,,,,,,,,
yacht rock,,,,future garage,,,,,,,,,,,,,,
zamrock,,,,future house,,,,,,,,,,,,,,
,,,,future rave,,,,,,,,,,,,,,
,,,,futurepop,,,,,,,,,,,,,,
,,,,gabba,,,,,,,,,,,,,,
,,,,gabber,,,,,,,,,,,,,,
,,,,ghetto funk,,,,,,,,,,,,,,
,,,,ghetto house,,,,,,,,,,,,,,
,,,,ghettotech,,,,,,,,,,,,,,
,,,,glitch,,,,,,,,,,,,,,
,,,,glitch hop,,,,,,,,,,,,,,
,,,,glitch pop,,,,,,,,,,,,,,
,,,,glitchcore,,,,,,,,,,,,,,
,,,,glo-fi,,,,,,,,,,,,,,
,,,,goa,,,,,,,,,,,,,,
,,,,goa trance,,,,,,,,,,,,,,
,,,,gqom,,,,,,,,,,,,,,
,,,,groove techno,,,,,,,,,,,,,,
,,,,hands up,,,,,,,,,,,,,,
,,,,happy hardcore,,,,,,,,,,,,,,
,,,,hard dance,,,,,,,,,,,,,,
,,,,hard drum,,,,,,,,,,,,,,
,,,,hard house,,,,,,,,,,,,,,
,,,,hard nrg,,,,,,,,,,,,,,
,,,,hard techno,,,,,,,,,,,,,,
,,,,hard trance,,,,,,,,,,,,,,
,,,,hardbass,,,,,,,,,,,,,,
,,,,hardcore techno,,,,,,,,,,,,,,
,,,,hardgroove techno,,,,,,,,,,,,,,
,,,,hardstyle,,,,,,,,,,,,,,
,,,,hardstyle techno,,,,,,,,,,,,,,
,,,,hardtek,,,,,,,,,,,,,,
,,,,hardvapour,,,,,,,,,,,,,,
,,,,hardwave,,,,,,,,,,,,,,
,,,,hi-nrg,,,,,,,,,,,,,,
,,,,hi-tech psytrance,,,,,,,,,,,,,,
,,,,horror synth,,,,,,,,,,,,,,
,,,,house,,,,,,,,,,,,,,
,,,,hypnotic techno,,,,,,,,,,,,,,
,,,,idm,,,,,,,,,,,,,,
,,,,illbient,,,,,,,,,,,,,,
,,,,indie dance,,,,,,,,,,,,,,
,,,,indie dance / nu disco,,,,,,,,,,,,,,
,,,,indie electronic,,,,,,,,,,,,,,
,,,,indie house,,,,,,,,,,,,,,
,,,,indietronica,,,,,,,,,,,,,,
,,,,industrial,,,,,,,,,,,,,,
,,,,industrial hardcore,,,,,,,,,,,,,,
,,,,industrial techno,,,,,,,,,,,,,,
,,,,intelligent dance music,,,,,,,,,,,,,,
,,,,intelligent drum and bass,,,,,,,,,,,,,,
,,,,italo dance,,,,,,,,,,,,,,
,,,,italo disco,,,,,,,,,,,,,,
,,,,italo house,,,,,,,,,,,,,,
,,,,italo-disco,,,,,,,,,,,,,,
,,,,italodance,,,,,,,,,,,,,,
,,,,j-core,,,,,,,,,,,,,,
,,,,j-euro,,,,,,,,,,,,,,
,,,,jackin house,,,,,,,,,,,,,,
,,,,jazz house,,,,,,,,,,,,,,
,,,,jersey club,,,,,,,,,,,,,,
,,,,juke,,,,,,,,,,,,,,
,,,,jump up,,,,,,,,,,,,,,
,,,,jumpstyle,,,,,,,,,,,,,,
,,,,jungle,,,,,,,,,,,,,,
,,,,jungle drum & bass,,,,,,,,,,,,,,
,,,,jungle terror,,,,,,,,,,,,,,
,,,,kosmische musik,,,,,,,,,,,,,,
,,,,kuduro,,,,,,,,,,,,,,
,,,,kwaito,,,,,,,,,,,,,,
,,,,latin house,,,,,,,,,,,,,,
,,,,leftfield,,,,,,,,,,,,,,
,,,,leftfield drum and bass,,,,,,,,,,,,,,
,,,,lento violento,,,,,,,,,,,,,,
,,,,lo-fi,,,,,,,,,,,,,,
,,,,lo-fi house,,,,,,,,,,,,,,
,,,,melodic dubstep,,,,,,,,,,,,,,
,,,,melodic house,,,,,,,,,,,,,,
,,,,melodic techno,,,,,,,,,,,,,,
,,,,melodic trance,,,,,,,,,,,,,,
,,,,minimal drum and bass,,,,,,,,,,,,,,
,,,,minimal electro,,,,,,,,,,,,,,
,,,,minimal house,,,,,,,,,,,,,,
,,,,minimal synth,,,,,,,,,,,,,,
,,,,minimal techno,,,,,,,,,,,,,,
,,,,minimal trance,,,,,,,,,,,,,,
,,,,minimal wave,,,,,,,,,,,,,,
,,,,moombahcore,,,,,,,,,,,,,,
,,,,moombahton,,,,,,,,,,,,,,
,,,,mutant disco,,,,,,,,,,,,,,
,,,,neoperreo,,,,,,,,,,,,,,
,,,,neurofunk,,,,,,,,,,,,,,
,,,,new beat,,,,,,,,,,,,,,
,,,,new rave,,,,,,,,,,,,,,
,,,,nightcore,,,,,,,,,,,,,,
,,,,nitzhonot,,,,,,,,,,,,,,
,,,,nu disco,,,,,,,,,,,,,,
,,,,nu skool breaks,,,,,,,,,,,,,,
,,,,nu-disco,,,,,,,,,,,,,,
,,,,organic house,,,,,,,,,,,,,,
,,,,outrun,,,,,,,,,,,,,,
,,,,phonk house,,,,,,,,,,,,,,
,,,,post-disco,,,,,,,,,,,,,,
,,,,post-dubstep,,,,,,,,,,,,,,
,,,,progressive electronic,,,,,,,,,,,,,,
,,,,progressive house,,,,,,,,,,,,,,
,,,,progressive trance,,,,,,,,,,,,,,
,,,,psybient,,,,,,,,,,,,,,
,,,,psychedelic techno,,,,,,,,,,,,,,
,,,,psychedelic trance,,,,,,,,,,,,,,
,,,,psytrance,,,,,,,,,,,,,,
,,,,ragga jungle,,,,,,,,,,,,,,
,,,,rave,,,,,,,,,,,,,,
,,,,rawstyle,,,,,,,,,,,,,,
,,,,riddim dubstep,,,,,,,,,,,,,,
,,,,ritual trance,,,,,,,,,,,,,,
,,,,seapunk,,,,,,,,,,,,,,
,,,,slap house,,,,,,,,,,,,,,
,,,,spacesynth,,,,,,,,,,,,,,
,,,,speedcore,,,,,,,,,,,,,,
,,,,splittercore,,,,,,,,,,,,,,
,,,,synthwave,,,,,,,,,,,,,,
,,,,tech house,,,,,,,,,,,,,,
,,,,tech trance,,,,,,,,,,,,,,
,,,,techno,,,,,,,,,,,,,,
,,,,techno bass,,,,,,,,,,,,,,
,,,,techstep,,,,,,,,,,,,,,
,,,,trance,,,,,,,,,,,,,,
,,,,tribal house,,,,,,,,,,,,,,
,,,,tribal techno,,,,,,,,,,,,,,
,,,,trip hop,,,,,,,,,,,,,,
,,,,trip-hop,,,,,,,,,,,,,,
,,,,uk bass,,,,,,,,,,,,,,
,,,,uk funky,,,,,,,,,,,,,,
,,,,uk garage,,,,,,,,,,,,,,
,,,,uk hardcore,,,,,,,,,,,,,,
,,,,uptempo hardcore,,,,,,,,,,,,,,
,,,,vaporwave,,,,,,,,,,,,,,
,,,,vocal trance,,,,,,,,,,,,,,
,,,,witch house,,,,,,,,,,,,,,
